{"initial_reset_timestamp": 1638467126.8561234, "timestamps": [1638467127.0769603], "episode_lengths": [9], "episode_rewards": [9.0], "episode_types": ["t"]}