{"initial_reset_timestamp": 1638467600.4650373, "timestamps": [1638467603.8798718], "episode_lengths": [200], "episode_rewards": [200.0], "episode_types": ["t"]}